id	description	code_eunis	owner	valide
50	dans des Balanes vides		houbin	t
149	sur roche à Laminaires		houbin	t
163	sur les roches couvertes de Chtamales et de Moules		houbin	t
164	sur les rochers parmi les algues		houbin	t
165	sur les rochers plus ou moins envasés et ensablés		houbin	t
176	dans les fentes du pan de roche dégarni au milieu du manteau d'Ascophylles et de Fucus		houbin	t
169	sur les parois verticales ombragées, parmi les balanes, les touffes d'algues en milieu battu		houbin	t
39	sur les surplombs couverts de Dendrodoa  grossulariata		houbin	t
78	dans les cavités profondes		houbin	t
81	près des entrées des grottes		houbin	t
156	sous les roches (dans l'eau sans cesse renouvelée)		houbin	t
157	sous les surplombs de rochers recouverts de petites Floridées et d'Hydraires		houbin	t
207	dans des abris naturels dans des rochers		houbin	t
42	dans la tunique d'Ascidia mentula fixée aux champs de blocs libres		houbin	t
46	sur les champs de blocs libres des fonds de baies abritées		houbin	t
48	dans les champs de blocs découverts aux grandes marées		houbin	t
148	blocs rocheux		houbin	t
172	sous les roches mobiles		houbin	t
135	sous les pierres, parmi les Balanes		houbin	t
140	dans des pierres calcaires		houbin	t
141	sur les pierres parmi les Fucus		houbin	t
171	sur la face inférieure des pierres		houbin	t
70	dans les petites flaques d'eau qu'on trouve sur le sable au pied des rochers		houbin	t
184	dans le sable des dunes sous-marines		houbin	t
186	dans le sable fin et micacé		houbin	t
191	dans un gisement de sable à Ophéliens		houbin	t
136	sur des pierres		houbin	t
198	sur les bancs de sable grossier (dans l'eau sans cesse renouvelée)		houbin	t
204	dans le sable assez grossier mêlé de petits fragments de coquilles		houbin	t
54	fixé sur de vieilles coquilles		houbin	t
56	parmi les coquilles mortes		houbin	t
58	sur des coquilles mortes de Lamellibranches		houbin	t
59	sur des coquilles vides		houbin	t
74	graviers à Bryozoaires		houbin	t
75	sur les fonds de graviers		houbin	t
77	dans le gravier sableux		houbin	t
173	nappes caillouteux-graveleuses soumises à de fortes conditions de courant		houbin	t
208	sur le sable, gènèralement dans des faciès plus ou moins saumâtre		houbin	t
226	vase sableuse desséchée en morte eau		houbin	t
217	dans la vase des berges du chenal		houbin	t
218	dans la vase qui découvre et forme l'ébauche d'un slikke		houbin	t
219	dans le vase molle des coquilles de Tapes rhomboides etc...		houbin	t
225	sur la vase		houbin	t
76	graviers à Zostères		houbin	t
167	sous les blocs disséminés au milieu des herbiers de Zostères		houbin	t
168	sur les bancs de sable de ces herbiers		houbin	t
4	crampons ou bulbes des Saccorhiza polyschides		houbin	t
7	dans les Cystoseires incrustées d’éponges, d’ascidies, de bryozoaires ...		houbin	t
8	dans les Cystoseira fibrosa de l'herbier		houbin	t
9	dans les débris végétaux et les Cystoseires		houbin	t
10	sur les stipes de Laminaires		houbin	t
18	sur ou dans des algues		houbin	t
19	sur les algues, en hiver sur les Floridées		houbin	t
20	sur les bases et les stipes de Laminaria flexicaulis 		houbin	t
23	sur les stipes et les crampons des Laminaires 		houbin	t
29	dans les anfractuosités du Lithophyllum incrustans		houbin	t
31	dans les Corallines des cuvettes		houbin	t
239	sur des Floridées		houbin	t
240	dans les touffes d'algues rouges		houbin	t
22	parmi les Obelia geniculata		houbin	t
99	sur Dynamena pumila		houbin	t
104	sur Bugularia avicularia		houbin	t
105	sur les colonies d'Hydraires qui recouvrent les bois immergés, épaves flottant		houbin	t
107	sur les Bryozoaires		houbin	t
108	sur les Hydraires Sertularia operculata qui tapissent des excavations		houbin	t
117	sur un fragment de Sertularia		houbin	t
146	dans les byssus de Moules		houbin	t
166	sur les ascidies		houbin	t
170	sur une Eponge rouge Microciona atrasanguinea		houbin	t
189	en commensalisme avec Echinocardium cordatum		houbin	t
32	dans les Cystoseires des fonds graveleux et rocailleux des herbiers		houbin	t
47	herbiers plus ou moins vaseux		houbin	t
62	dans l'amas de coquilles parmi quelques touffes de Zostères		houbin	t
89	sur des petits herbiers ne découvrant qu'aux plus fortes marées		houbin	t
90	sur les Zostères (dans l'eau sans cesse renouvelée)		houbin	t
91	sur les zostères des herbiers		houbin	t
93	sous les Zostères, sous les pierres		houbin	t
94	dans les herbiers de Zostères à fond sableux	   	houbin	t
244	vase sableuse		houbin	t
245	sable grossier propre		houbin	t
255	sur les colonies d'Hydraires qui recouvrent les bois immergés, épaves flottant, ou sur les carènes de bateaux homardiers		houbin	t
256	dans des pieux et des bois flottés avec Limnoria  lignorum et souvent Chelura terebrans		houbin	t
257	sur les carènes de bateaux		houbin	t
258	sur des Gorgones, Ascidies, débris de coquilles des fonds à bryozoaires		houbin	t
259	dans les fentes de rochers		houbin	t
260	sur les colonies de Plumularia echinulata qui recouvrent très souvent sur une certaine longueur les filaments de Himanthalia lorea		houbin	t
261	crampons des Saccorhizes		houbin	t
262	sur le banc de sable		houbin	t
263	parmi les coquilles brisées		houbin	t
264	sur des fonds à bryozoaires		houbin	t
131	fonds caillouteux		houbin	t
132	sous des pierres		houbin	t
265	dans les fissures de rochers et dans les trous abandonnés par les Pholades et les Saxicaves		houbin	t
266	fixé sur de vieilles coquilles ou des massifs d'Hippodiplosia foliacea		houbin	t
267	fissure de rochers, trous abandonnés par Hiatella		houbin	t
33	parmi les algues		houbin	t
268	dans un bloc de granit pourri, avec Hiatella gallicana		houbin	t
269	dans les tuniques d'Ascidia mentula et Diazona violacea		houbin	t
270	dans les ruisseaux côtiers		houbin	t
271	dans les fentes de rocher		houbin	t
272	dans les sables fins		houbin	t
182	dans le sable pur		houbin	t
273	sable		houbin	t
274	sur des épaves ou des bois flottés		houbin	t
275	cailloutis et graviers		houbin	t
276	au milieu d'Eponges et de Botrylles		houbin	t
277	dans les crampons de Laminaria digitata		houbin	t
278	sur le sable		houbin	t
279	dans les Cystoseires		houbin	t
280	à l'arrivée de petits ruisseaux amenant de la vase dans le sable		houbin	t
1	parmi les Fucus		houbin	t
2	au milieu des touffes de Fucus serratus couvertes de Bowerbankia imbricata		houbin	t
3	sur les Codium tomentosum		houbin	t
5	dans les bulbes de Saccorhiza bulbosa		houbin	t
6	sur des Cystoseires		houbin	t
11	sur Bornetia  secundiflora		houbin	t
12	sur des algues encroutées d'Eponges et de Bryozoaires		houbin	t
13	sur des algues		houbin	t
14	sur des Laminaires		houbin	t
15	sur Himanthalia lorea		houbin	t
16	sur la face inférieure des Fucus et dans les interstices abrités de la lumière		houbin	t
17	sur les rochers, les surplombs couverts de Dendrodoa grossulariata, sous les pierres, dans les herbiers		houbin	t
193	sable à Amphioxus		houbin	t
21	sur les frondes et les stipes de Laminaires et de Saccorhiza bulbosa		houbin	t
24	sur les tiges et les racines des Laminaires, sur Leptoclinum lacazii		houbin	t
25	sur les touffes de Spondylothamnion multifidum		houbin	t
26	sur les Vaucheria		houbin	t
27	sur Ulva lactuca		houbin	t
28	dans le Lithophyllum incrustans		houbin	t
30	dans les Corallines des cuvettes		houbin	t
34	dans les Cystoseires de l'herbier		houbin	t
36	dans des cuvettes à Lithophyllum		houbin	t
37	sur les Hydraires		houbin	t
38	sur les Fucus envahis par les Hydraires et les Bryozoaires		houbin	t
40	sur les pierres recouvertes de Fucus et pour certaines d'Hildenbrandsia		houbin	t
41	dans la tunique d'Ascidia mentula fixée aux champs de blocs libres		houbin	t
43	dans les champs de blocs		houbin	t
44	sous les pierres déplaçables à la main		houbin	t
45	sur des gros blocs		houbin	t
49	sous des blocs, dans des fentes de rochers, dans des Balanes vides		houbin	t
51	dans les coquilles vides		houbin	t
55	massifs de Pentapora (Hippodiplosia) foliacea		houbin	t
57	parmi les coquilles vides		houbin	t
60	en association avec Phascolion strombi dans les coquilles vides de Turitella communis, de Nassa, de Murex, de Trochus, de Dentale ...		houbin	t
61	dans l'amas de coquilles parmi quelques touffes de Zostères		houbin	t
63	fonds de coquilles brisées		houbin	t
64	maerl		houbin	t
65	cuvettes à Corallina		houbin	t
66	dans des débris coquilliers grossiers		houbin	t
67	sur fond coquillier		houbin	t
68	dans les flaques		houbin	t
69	dans les flaques des prés salés		houbin	t
72	dans les graviers		houbin	t
73	dans les sédiments grossiers		houbin	t
79	dans les cavités profondes et les grottes		houbin	t
80	dans les grottes à Styelopsis		houbin	t
82	au plafond des grottes		houbin	t
83	sable entourant l'herbier		houbin	t
84	herbier de Zostères		houbin	t
85	dans le sable plus ou moins vaseux des herbiers		houbin	t
86	dans les herbiers vaseux, souvent avec Akera bullata		houbin	t
87	cuvettes d'herbier		houbin	t
88	avec Tapes pullastra		houbin	t
92	herbiers sous les pierres		houbin	t
95	herbiers, dans la vase noire et gluante		houbin	t
96	dans les creux des rochers qui forment des mares lorsque la mer s'est retirée		houbin	t
97	sur la faune fixée aux parois rocheuses		houbin	t
98	sur des Bugularia avicularia		houbin	t
100	sur Amphisbetia operculata		houbin	t
101	sur Eunicella verrucosa		houbin	t
102	sur Lafoea dumosa		houbin	t
103	sur les Ascidies		houbin	t
106	sur les Echinocardium		houbin	t
109	sur Obelia dichotoma		houbin	t
110	sur Plumularia echinulata		houbin	t
111	sur Sertularia operculata		houbin	t
112	sur Dynamena pumila		houbin	t
113	sur Nemertesia antennina		houbin	t
114	sur Tubularia ceratogyne		houbin	t
115	sur Tubularia larynx		houbin	t
116	sur une Antennulaire		houbin	t
118	sur Psammechinus miliaris		houbin	t
119	sur Hippodiplosia foliacea		houbin	t
120	sur Microciona atrasanguinea		houbin	t
121	sur une Gorgone		houbin	t
122	sur une huître d' un parc		houbin	t
123	parmi Ascidies couvertes de vase		houbin	t
124	sur des éponges		houbin	t
125	dans les byssus des moules		houbin	t
126	sur des Botrylles		houbin	t
127	dans les tuniques de Diazona violacea		houbin	t
128	dans les Entéromorphes du type compressa insérées dans les petits graviers mélangés au sable		houbin	t
129	dans de petites anfractuosités de pierres		houbin	t
130	dans des pierres, avec des Pholades		houbin	t
134	Sous des pierres recouvertes de Fucus		houbin	t
137	sur fond caillouteux à épifaune sessile		houbin	t
138	sur fond caillouteux à Ophiures		houbin	t
139	sur fond de cailloutis graveleux		houbin	t
142	sous des pierres dans les champs de bloc		houbin	t
143	sur fonds de gravier et de coquilles		houbin	t
144	sous les pierres dans l'herbier		houbin	t
145	dans les flaques de l'herbier		houbin	t
147	dans les touffes de Lichina pygmaea		houbin	t
150	dans le granit pourri		houbin	t
151	perfore les pierres calcaires, ou les coquilles		houbin	t
152	fonds rocheux		houbin	t
153	sur des piliers en béton		houbin	t
154	sur les rochers		houbin	t
155	sous les rochers		houbin	t
158	sur des rochers couverts de Microciona atrasanguinea		houbin	t
159	partout sur les rochers		houbin	t
160	sur la roche solide, exposée au coup de vagues du large		houbin	t
161	sur les rochers du large		houbin	t
162	sur des parois verticales ombragées battues		houbin	t
174	parmi Ascidies couvertes de vase		houbin	t
175	dans les fentes de la roche nue		houbin	t
178	dans les rochers et les galets calcaires, dans les valves d'Ostrea et quelques fois dans les bois submergés		houbin	t
181	dans des sables grossiers propres		houbin	t
183	dans la vase ou le sable vaseux		houbin	t
185	dans le sable fin de la plage		houbin	t
187	dans le sable fin et micacé couvert de ripple-marks		houbin	t
188	dans le sable plus ou moins pur		houbin	t
190	dans les sables fins des dunes sous-marines		houbin	t
192	plage de sable assez grossier et très pur		houbin	t
194	sable grossier coquillier		houbin	t
195	sable formant une boue compacte et ne se desséchant pas		houbin	t
196	sur des sables relativement fins et réguliers		houbin	t
197	sur le sable des banquettes de basses roches couvertes de Rhodocorton floridulum		houbin	t
199	dans les sables fins des dunes intertidales		houbin	t
200	dans le sable coquillier		houbin	t
201	dans les sables coquilliers à Venus fasciata		houbin	t
202	sable légèrement vaseux		houbin	t
203	sur la vase sableuse desséchée en morte eau		houbin	t
205	dans le sable de l'herbier		houbin	t
215	dans la slikke		houbin	t
216	dans la vase		houbin	t
220	dans le vase pure		houbin	t
221	dans les flaques de vase		houbin	t
222	sables vaseux		houbin	t
223	sous l'herbe du shorre		houbin	t
224	sur des supports fixes en faciès vaseux ou légèrement dessalé		houbin	t
227	sur la vase parmi les Entéromorphes		houbin	t
228	vase saumâtre de l'arrière fond est de la plage, parmi les Zostères		houbin	t
229	sur fond de vase noire mêlée de maerl mort		houbin	t
230	en bancs dont les bords découvrent parfois aux grandes marées, en quelques endroits bien localisés		houbin	t
231	dans la vase sur le bord des ruisseaux		houbin	t
232	dans la vase ou le sable vaseux de l'herbier		houbin	t
233	Zone des marées		houbin	t
234	dans le fond de la lagune		houbin	t
235	dans les fissures et les cavités des cuvettes et des bassins		houbin	t
236	fonds du large		houbin	t
237	sur Dictyota dichotoma		houbin	t
238	sur les hautes grèves protégées		houbin	t
241	sable fin peu envasé		houbin	t
242	sable fin très propre		houbin	t
243	sable fin		houbin	t
246	sable caillouteux hétérogène		houbin	t
247	sable hétérogène propre		houbin	t
248	sable hétérogène envasé		houbin	t
249	sables fins vaseux réduits		houbin	t
250	vase sableuse noire		houbin	t
251	vase noire putride		houbin	t
252	sur le spongiaire <i>Desmacidon</i>		houbin	t
253	cuvettes rocheuses		houbin	t
254	Non renseigné		houbin	t
282	Marine habitats	A	admin	t
283	Littoral rock and other hard substrata	A1	admin	t
284	High energy littoral rock	A1.1	admin	t
285	Facies with Pollicipes pollicipes	A1.1X	admin	t
286	Mussel and/or barnacle communities	A1.11	admin	t
287	[Mytilus edulis] and barnacles on very exposed eulittoral rock	A1.111	admin	t
288	[Chthamalus] spp. on exposed upper eulittoral rock	A1.112	admin	t
289	[Chthamalus montagui] and [Chthamalus stellatus] on exposed upper eulittoral rock	A1.1121	admin	t
290	[Chthamalus] spp. and [Lichina pygmaea] on steep exposed upper eulittoral rock	A1.1122	admin	t
291	[Semibalanus balanoides] on exposed to moderately exposed or vertical sheltered eulittoral rock	A1.113	admin	t
292	[Semibalanus balanoides], [Patella vulgata] and [Littorina] spp. on exposed to moderately exposed or vertical sheltered eulittoral rock	A1.1131	admin	t
293	[Semibalanus balanoides], [Fucus vesiculosus] and red seaweeds on exposed to moderately exposed eulittoral rock	A1.1132	admin	t
294	[Semibalanus balanoides] and [Littorina] spp. on exposed to moderately exposed eulittoral boulders and cobbles	A1.1133	admin	t
295	Robust fucoid and/or red seaweed communities	A1.12	admin	t
296	[Fucus distichus] and [Fucus spiralis] f. [nana] on extremely exposed upper eulittoral rock	A1.121	admin	t
297	[Corallina officinalis] on exposed to moderately exposed lower eulittoral rock	A1.122	admin	t
298	[Corallina elongata] on exposed to moderately exposed lower eulittoral rock	A1.12X	admin	t
299	[Corallina officinalis] and [Mastocarpus stellatus] on exposed to moderately exposed lower eulittoral rock	A1.1221	admin	t
300	[Corallina elongata] and [Mastocarpus stellatus] on exposed to moderately exposed lower eulittoral rock	A1.122X	admin	t
301	[Corallina officinalis], [Himanthalia elongata] and [Patella ulyssiponensis] on very exposed lower eulittoral rock	A1.1222	admin	t
302	[Corallina elongata], [Himanthalia elongata] and [Patella ulyssiponensis] on very exposed lower eulittoral rock	A1.122X	admin	t
303	[Himanthalia elongata] and red seaweeds on exposed lower eulittoral rock	A1.123	admin	t
304	[Palmaria palmata] on very exposed to moderately exposed lower eulittoral rock	A1.124	admin	t
305	[Mastocarpus stellatus] and [Chondrus crispus] on very exposed to moderately exposed lower eulittoral rock	A1.125	admin	t
306	[Osmundea pinnatifida] on moderately exposed mid eulittoral rock	A1.126	admin	t
307	[Ceramium] sp. and piddocks on eulittoral fossilised peat	A1.127	admin	t
308	Fucoids in tide-swept conditions	A1.15	admin	t
309	[Ascophyllum nodosum], sponges and ascidians on tide-swept mid eulittoral rock	A1.151	admin	t
310	[Fucus serratus], sponges and ascidians on tide-swept lower eulittoral rock	A1.152	admin	t
311	[Fucus serratus] with sponges, ascidians and red seaweeds on tide-swept lower eulittoral mixed substrata	A1.153	admin	t
312	Moderate energy littoral rock	A1.2	admin	t
313	Barnacles and fucoids on moderately exposed shores	A1.21	admin	t
314	[Pelvetia canaliculata] and barnacles on moderately exposed littoral fringe rock	A1.211	admin	t
315	[Fucus spiralis] on full salinity exposed to moderately exposed upper eulittoral rock	A1.212	admin	t
316	[Fucus vesiculosus] and barnacle mosaics on moderately exposed mid eulittoral rock	A1.213	admin	t
317	[Fucus serratus] on moderately exposed lower eulittoral rock	A1.214	admin	t
318	[Fucus serratus] and red seaweeds on moderately exposed lower eulittoral rock	A1.2141	admin	t
319	[Fucus serratus] and under-boulder fauna on exposed to moderately exposed lower eulittoral boulders	A1.2142	admin	t
320	[Fucus serratus] and piddocks on lower eulittoral soft rock	A1.2143	admin	t
321	[Rhodothamniella floridula] on sand-scoured lower eulittoral rock	A1.215	admin	t
322	Mussels and fucoids on moderately exposed shores	A1.22	admin	t
323	[Mytilus edulis] and [Fucus vesiculosus] on moderately exposed mid eulittoral rock	A1.221	admin	t
324	[Mytilus edulis], [Fucus serratus] and red seaweeds on moderately exposed lower eulittoral rock	A1.222	admin	t
325	[Mytilus edulis] and piddocks on eulittoral firm clay	A1.223	admin	t
326	Low energy littoral rock	A1.3	admin	t
327	Fucoids on sheltered marine shores	A1.31	admin	t
328	[Pelvetia canaliculata] on sheltered littoral fringe rock	A1.311	admin	t
329	[Fucus spiralis] on sheltered upper eulittoral rock	A1.312	admin	t
330	[Fucus spiralis] on full salinity sheltered upper eulittoral rock	A1.3121	admin	t
331	[Fucus spiralis] on full salinity upper eulittoral mixed substrata	A1.3122	admin	t
332	[Fucus vesiculosus] on moderately exposed to sheltered mid eulittoral rock	A1.313	admin	t
333	[Fucus vesiculosus] on full salinity moderately exposed to sheltered mid eulittoral rock	A1.3131	admin	t
334	[Fucus vesiculosus] on mid eulittoral mixed substrata	A1.3132	admin	t
335	[Ascophyllum nodosum] on very sheltered mid eulittoral rock	A1.314	admin	t
336	[Ascophyllum nodosum] on full salinity mid eulittoral rock	A1.3141	admin	t
337	[Ascophyllum nodosum] on full salinity mid eulittoral mixed substrata	A1.3142	admin	t
338	[Fucus serratus] on sheltered lower eulittoral rock	A1.315	admin	t
339	[Fucus serratus] on full salinity sheltered lower eulittoral rock	A1.3151	admin	t
340	[Fucus serratus] on full salinity lower eulittoral mixed substrata	A1.3152	admin	t
341	Association with [Fucus virsoides]	A1.316	admin	t
342	Fucoids in variable salinity	A1.32	admin	t
343	[Pelvetia canaliculata] on sheltered variable salinity littoral fringe rock	A1.321	admin	t
344	[Fucus spiralis] on sheltered variable salinity upper eulittoral rock	A1.322	admin	t
345	[Fucus vesiculosus] on variable salinity mid eulittoral boulders and stable mixed substrata	A1.323	admin	t
346	[Ascophyllum nodosum] and [Fucus vesiculosus] on variable salinity mid eulittoral rock	A1.324	admin	t
347	[Ascophyllum nodosum] ecad. [mackaii] beds on extremely sheltered mid eulittoral mixed substrata	A1.325	admin	t
348	[Fucus serratus] and large [Mytilus edulis] on variable salinity lower eulittoral rock	A1.326	admin	t
349	[Fucus ceranoides] on reduced salinity eulittoral rock	A1.327	admin	t
350	Red algal turf in lower eulittoral, sheltered from wave action	A1.33	admin	t
351	Features of littoral rock	A1.4	admin	t
352	Communities of littoral rockpools	A1.41	admin	t
353	Coralline crust-dominated shallow eulittoral rockpools	A1.411	admin	t
354	Coralline crusts and [Corallina officinalis] in shallow eulittoral rockpools	A1.4111	admin	t
355	Coralline crusts and [Paracentrotus lividus] in shallow eulittoral rockpools	A1.4112	admin	t
356	[Bifurcaria bifurcata] in shallow eulittoral rockpools	A1.4113	admin	t
357	[Cystoseira] spp. in eulittoral rockpools	A1.4114	admin	t
358	Fucoids and kelp in deep eulittoral rockpools	A1.412	admin	t
359	[Sargassum muticum] in eulittoral rockpools	A1.4121	admin	t
360	Seaweeds in sediment-floored eulittoral rockpools	A1.413	admin	t
361	Hydroids, ephemeral seaweeds and [Littorina littorea] in shallow eulittoral mixed substrata pools	A1.414	admin	t
362	Communities of rockpools in the supralittoral zone	A1.42	admin	t
363	Green seaweeds ([Enteromorpha] spp. and [Cladophora] spp.) in shallow upper shore rockpools	A1.421	admin	t
364	Brackish permanent pools in the geolittoral zone	A1.43	admin	t
365	Eutrophic brackish permanent pools in the geolittoral zone	A1.431	admin	t
366	Mesotrophic brackish permanent pools in the geolittoral zone	A1.432	admin	t
367	Oligotrophic brackish permanent pools in the geolittoral zone	A1.433	admin	t
368	Communities of littoral caves and overhangs	A1.44	admin	t
369	Chrysophyceae and Haptophyceae on vertical upper littoral fringe soft rock	A1.441	admin	t
370	Green algal films on upper and mid-shore cave walls and ceilings	A1.442	admin	t
371	[Audouinella purpurea] and [Pilinia maritima] crusts on upper and mid-shore cave walls and ceilings	A1.443	admin	t
372	[Audouinella purpurea] and [Cladophora rupestris] on upper to mid-shore cave walls	A1.444	admin	t
373	[Verrucaria mucosa] and/or [Hildenbrandia rubra] on upper to mid shore cave walls	A1.445	admin	t
374	Sponges and shade-tolerant red seaweeds on overhanging lower eulittoral bedrock and in cave entrances	A1.446	admin	t
375	Sponges, shade-tolerant red seaweeds and [Dendrodoa grossularia] on wave-surged overhanging lower eulittoral bedrock and caves	A1.4461	admin	t
376	Sponges, bryozoans and ascidians on deeply overhanging lower shore bedrock or caves	A1.447	admin	t
377	Faunal crusts on wave-surged littoral cave walls	A1.448	admin	t
378	Sparse fauna (barnacles and spirorbids) on sand/pebble-scoured rock in littoral caves	A1.449	admin	t
379	Barren and/or boulder-scoured littoral cave walls and floors	A1.44A	admin	t
380	Association with [Phymatolithon lenormandii] and [Hildenbrandia rubra]	A1.44B	admin	t
381	Ephemeral green or red seaweeds (freshwater or sand-influenced) on non-mobile substrata	A1.45	admin	t
382	[Enteromorpha] spp. on freshwater-influenced and/or unstable upper eulittoral rock	A1.451	admin	t
383	[Porphyra purpurea] or [Enteromorpha] spp. on sand-scoured mid or lower eulittoral rock	A1.452	admin	t
384	Littoral sediment	A2	admin	t
385	Littoral coarse sediment	A2.1	admin	t
386	Shingle (pebble) and gravel shores	A2.11	admin	t
387	Barren littoral shingle	A2.111	admin	t
388	[Pectenogammarus planicrurus] in mid shore well-sorted gravel or coarse sand	A2.112	admin	t
389	Estuarine coarse sediment shores	A2.12	admin	t
390	Littoral sand and muddy sand	A2.2	admin	t
391	Strandline	A2.21	admin	t
392	Talitrids on the upper shore and strandline	A2.211	admin	t
393	[Mytilus edulis] and [Fabricia sabella] in littoral mixed sediment	A2.212	admin	t
394	Barren or amphipod-dominated mobile sand shores	A2.22	admin	t
395	Barren littoral coarse sand	A2.221	admin	t
396	Oligochaetes in littoral mobile sand	A2.222	admin	t
397	Oligochaetes in full salinity littoral mobile sand	A2.2221	admin	t
398	Oligochaetes in variable salinity littoral mobile sand	A2.2222	admin	t
399	Amphipods and [Scolelepis] spp. in littoral medium-fine sand	A2.223	admin	t
400	[Scolelepis] spp. in littoral mobile sand	A2.2231	admin	t
401	[Eurydice pulchra] in littoral mobile sand	A2.2232	admin	t
402	[Pontocrates arenarius] in littoral mobile sand	A2.2233	admin	t
403	Mesodesma corneum dominates coarse sand	A2.22X	admin	t
404	Polychaete/amphipod-dominated fine sand shores	A2.23	admin	t
405	Polychaetes in littoral fine sand	A2.231	admin	t
406	Polychaetes, including [Paraonis fulgens], in littoral fine sand	A2.2311	admin	t
407	Polychaetes and [Angulus tenuis] in littoral fine sand	A2.2312	admin	t
408	[Nephtys cirrosa]-dominated littoral fine sand	A2.2313	admin	t
409	Polychaete/bivalve-dominated muddy sand shores	A2.24	admin	t
410	[Macoma balthica] and [Arenicola marina] in muddy sand shores	A2.241	admin	t
411	[Cerastoderma edule] and polychaetes in littoral muddy sand	A2.242	admin	t
412	[Hediste diversicolor], [Macoma balthica] and [Eteone longa] in littoral muddy sand	A2.243	admin	t
413	[Bathyporeia pilosa] and [Corophium arenarium] in littoral muddy sand	A2.244	admin	t
414	[Lanice conchilega] in littoral sand	A2.245	admin	t
415	Opheliidae in littoral sand	A2.2X	admin	t
416	Littoral mud	A2.3	admin	t
417	Polychaete/bivalve-dominated mid estuarine mud shores	A2.31	admin	t
418	[Nephtys hombergii], [Macoma balthica] and [Streblospio shrubsolii] in littoral sandy mud	A2.311	admin	t
419	[Hediste diversicolor] and [Macoma balthica] in littoral sandy mud	A2.312	admin	t
420	[Hediste diversicolor], [Macoma balthica] and [Scrobicularia plana] in littoral sandy mud	A2.313	admin	t
421	Polychaete/oligochaete-dominated upper estuarine mud shores	A2.32	admin	t
422	[Nephtys hombergii] and [Streblospio shrubsolii] in littoral mud	A2.321	admin	t
423	[Hediste diversicolor] in littoral mud	A2.322	admin	t
424	[Hediste diversicolor] and [Streblospio shrubsolii] in littoral sandy mud	A2.3221	admin	t
425	[Hediste diversicolor] and [Corophium volutator] in littoral mud	A2.3222	admin	t
426	[Hediste diversicolor] and oligochaetes in littoral mud	A2.3223	admin	t
427	[Tubificoides benedii] and other oligochaetes in littoral mud	A2.323	admin	t
428	Saltmarsh pools	A2.324	admin	t
429	Saltmarsh creeks	A2.325	admin	t
430	Erosion faces with [Carcinus maenas]	A2.3251	admin	t
431	Marine mud shores	A2.33	admin	t
432	[Corophium] spp. in soft mud shores	A2.34	admin	t
433	Littoral mixed sediments	A2.4	admin	t
434	[Hediste diversicolor] dominated gravelly sandy mud shores	A2.41	admin	t
435	[Hediste diversicolor] in littoral gravelly muddy sand and gravelly sandy mud	A2.411	admin	t
436	[Hediste diversicolor] and [Macoma balthica] in littoral gravelly mud	A2.4111	admin	t
437	[Hediste diversicolor] and [Scrobicularia plana] in littoral gravelly mud	A2.4112	admin	t
438	[Hediste diversicolor] and [Streblospio shrubsolii] in littoral gravelly sandy mud	A2.4113	admin	t
439	[Hediste diversicolor], cirratulids and [Tubificoides] spp. in littoral gravelly sandy mud	A2.4114	admin	t
440	[Hediste diversicolor] and [Corophium volutator] in littoral gravelly sandy mud	A2.4115	admin	t
441	Species-rich mixed sediment shores	A2.42	admin	t
442	Cirratulids and [Cerastoderma edule] in littoral mixed sediment	A2.421	admin	t
443	mares permanentes sur fond meuble	A2.42X	admin	t
444	Species-poor mixed sediment shores	A2.43	admin	t
445	Barnacles and [Littorina] spp. on unstable eulittoral mixed substrata	A2.431	admin	t
446	Seagrass beds on littoral sediments	A2.61	admin	t
447	Mainland Atlantic [Zostera noltii] or [Zostera angustifolia] meadows	A2.611	admin	t
448	[Zostera noltii] beds in littoral muddy sand	A2.6111	admin	t
449	[Ruppia maritima] on lower shore sediment	A2.614	admin	t
450	Marine [Cyperaceae] beds	A2.62	admin	t
451	[Eleocharis] beds	A2.621	admin	t
452	[Eleocharis parvula] beds	A2.6211	admin	t
453	Littoral biogenic reefs	A2.7	admin	t
454	Littoral [Sabellaria] reefs	A2.71	admin	t
455	[Sabellaria alveolata] reefs on sand-abraded eulittoral rock	A2.711	admin	t
456	Littoral mussel beds on sediment	A2.72	admin	t
457	[Mytilus edulis] beds on littoral sediments	A2.721	admin	t
458	[Mytilus edulis] beds on littoral mixed substrata	A2.7211	admin	t
459	[Mytilus edulis] beds on littoral sand	A2.7212	admin	t
460	[Mytilus edulis] beds on littoral mud	A2.7213	admin	t
461	Infralittoral rock and other hard substrata	A3	admin	t
462	Atlantic and Mediterranean high energy infralittoral rock	A3.1	admin	t
463	Kelp with cushion fauna and/or foliose red seaweeds	A3.11	admin	t
464	[Alaria esculenta] on exposed sublittoral fringe bedrock	A3.111	admin	t
465	[Alaria esculenta], [Mytilus edulis] and coralline crusts on very exposed sublittoral fringe bedrock	A3.1111	admin	t
466	[Alaria esculenta] and [Laminaria digitata] on exposed sublittoral fringe bedrock	A3.1112	admin	t
467	[Alaria esculenta] forest with dense anemones and crustose sponges on extremely exposed infralittoral bedrock	A3.112	admin	t
468	Roches et blocs à Mesophyllum lichenoides	A3.111X	admin	t
469	[Laminaria hyperborea] forest with a faunal cushion (sponges and polyclinids) and foliose red seaweeds on very exposed infralittoral rock	A3.113	admin	t
470	Sparse [Laminaria hyperborea] and dense [Paracentrotus lividus] on exposed infralittoral limestone	A3.114	admin	t
471	[Laminaria hyperborea] with dense foliose red seaweeds on exposed infralittoral rock	A3.115	admin	t
472	[Laminaria hyperborea] forest with dense foliose red seaweeds on exposed upper infralittoral rock	A3.1151	admin	t
473	[Laminaria hyperborea] park with dense foliose red seaweeds on exposed lower infralittoral rock	A3.1152	admin	t
474	Mixed [Laminaria hyperborea] and [Laminaria ochroleuca] forest on exposed infralittoral rock	A3.1153	admin	t
475	Foliose red seaweeds on exposed lower infralittoral rock	A3.116	admin	t
476	Foliose red seaweeds with dense [Dictyota dichotoma] and/or [Dictyopteris membranacea] on exposed lower infralittoral rock	A3.1161	admin	t
477	[Laminaria hyperborea] and red seaweeds on exposed vertical rock	A3.117	admin	t
478	Turf of articulated [Corallinaceae] on exposed to sheltered infralittoral bedrock and boulders	A3.118	admin	t
479	Sediment-affected or disturbed kelp and seaweed communities	A3.12	admin	t
480	[Saccorhiza polyschides] and other opportunistic kelps on disturbed upper infralittoral rock	A3.121	admin	t
481	[Laminaria saccharina] and/or [Saccorhiza polyschides] on exposed infralittoral rock	A3.122	admin	t
482	[Laminaria saccharina], [Chorda filum] and dense red seaweeds on shallow unstable infralittoral boulders and cobbles	A3.123	admin	t
483	Dense [Desmarestia] spp. with filamentous red seaweeds on exposed infralittoral cobbles, pebbles and bedrock	A3.124	admin	t
484	Mixed kelps with scour-tolerant and opportunistic foliose red seaweeds on scoured or sand-covered infralittoral rock	A3.125	admin	t
485	[Halidrys siliquosa] and mixed kelps on tide-swept infralittoral rock with coarse sediment	A3.126	admin	t
486	[Polyides rotundus], [Ahnfeltia plicata] and [Chondrus crispus] on sand-covered infralittoral rock	A3.127	admin	t
487	Encrusting algal communities	A3.14	admin	t
488	Frondose algal communities (other than kelp)	A3.15	admin	t
489	[Cystoseira] spp. on exposed infralittoral bedrock and boulders	A3.151	admin	t
490	Atlantic and Mediterranean moderate energy infralittoral rock	A3.2	admin	t
491	Kelp and red seaweeds (moderate energy infralittoral rock)	A3.21	admin	t
492	[Laminaria digitata] on moderately exposed sublittoral fringe rock	A3.211	admin	t
493	[Laminaria digitata] on moderately exposed sublittoral fringe bedrock	A3.2111	admin	t
494	[Laminaria digitata] and under-boulder fauna on sublittoral fringe boulders	A3.2112	admin	t
495	[Laminaria digitata] and piddocks on sublittoral fringe soft rock	A3.2113	admin	t
496	[Laminaria hyperborea] on tide-swept, infralittoral rock	A3.212	admin	t
497	[Laminaria hyperborea] forest, foliose red seaweeds and a diverse fauna on tide-swept upper infralittoral rock	A3.2121	admin	t
498	[Laminaria hyperborea] park with hydroids, bryozoans and sponges on tide-swept lower infralittoral rock	A3.2122	admin	t
499	[Laminaria hyperborea] on tide-swept infralittoral mixed substrata	A3.213	admin	t
500	[Laminaria hyperborea] forest and foliose red seaweeds on tide-swept upper infralittoral mixed substrata	A3.2131	admin	t
501	[Laminaria hyperborea] park and foliose red seaweeds on tide-swept lower infralittoral mixed substrata	A3.2132	admin	t
502	[Laminaria hyperborea] and foliose red seaweeds on moderately exposed infralittoral rock	A3.214	admin	t
503	[Laminaria hyperborea] forest and foliose red seaweeds on moderately exposed upper infralittoral rock	A3.2141	admin	t
504	[Laminaria hyperborea] park and foliose red seaweeds on moderately exposed lower infralittoral rock	A3.2142	admin	t
505	Grazed [Laminaria hyperborea] forest with coralline crusts on upper infralittoral rock	A3.2143	admin	t
506	Grazed [Laminaria hyperborea] park with coralline crusts on lower infralittoral rock	A3.2144	admin	t
507	[Sabellaria spinulosa] with kelp and red seaweeds on sand-influenced infralittoral rock	A3.2145	admin	t
508	Dense foliose red seaweeds on silty moderately exposed infralittoral rock	A3.215	admin	t
509	[Laminaria hyperborea] on moderately exposed vertical rock	A3.216	admin	t
510	[Hiatella arctica] and seaweeds on vertical limestone / chalk	A3.217	admin	t
511	Kelp and seaweed communities in tide-swept sheltered conditions	A3.22	admin	t
512	[Laminaria digitata], ascidians and bryozoans on tide-swept sublittoral fringe rock	A3.221	admin	t
513	Mixed kelp with foliose red seaweeds, sponges and ascidians on sheltered tide-swept infralittoral rock	A3.222	admin	t
514	Mixed kelp and red seaweeds on infralittoral boulders, cobbles and gravel in tidal rapids	A3.223	admin	t
770	Sandy mixed sediment with [Alcyonidium diaphanum]	A5.446	admin	t
515	[Laminaria saccharina] with foliose red seaweeds and ascidians on sheltered tide-swept infralittoral rock	A3.224	admin	t
516	Filamentous red seaweeds, sponges and [Balanus crenatus] on tide-swept variable-salinity infralittoral rock	A3.225	admin	t
517	[Halopteris filicina] with coralline crusts on moderately exposed infralittoral rock	A3.226	admin	t
518	Faunal communities on moderate energy infralittoral rock	A3.24	admin	t
519	Shallow smaller [Ostrea edulis] reefs adhering to rocky reefs and vertical drop-offs	A3.247	admin	t
520	Atlantic and Mediterranean low energy infralittoral rock	A3.3	admin	t
521	Silted kelp on low energy infralittoral rock with full salinity	A3.31	admin	t
522	Mixed [Laminaria hyperborea] and [Laminaria ochroleuca] forest on moderately exposed or sheltered infralittoral rock	A3.311	admin	t
523	Mixed [Laminaria hyperborea] and [Laminaria saccharina] on sheltered infralittoral rock	A3.312	admin	t
524	Mixed [Laminaria hyperborea] and [Laminaria saccharina] forest on sheltered upper infralittoral rock	A3.3121	admin	t
525	Mixed [Laminaria hyperborea] and [Laminaria saccharina] park on sheltered lower infralittoral rock	A3.3122	admin	t
526	Grazed, mixed [Laminaria hyperborea] and [Laminaria saccharina] on sheltered infralittoral rock	A3.3123	admin	t
527	[Laminaria saccharina] on very sheltered infralittoral rock	A3.313	admin	t
528	[Laminaria saccharina] and [Laminaria digitata] on sheltered sublittoral fringe rock	A3.3131	admin	t
529	[Laminaria saccharina] forest on very sheltered upper infralittoral rock	A3.3132	admin	t
530	[Laminaria saccharina] park on very sheltered lower infralittoral rock	A3.3133	admin	t
531	Grazed [Laminaria saccharina] with [Echinus], brittlestars and coralline crusts on sheltered infralittoral rock	A3.3134	admin	t
532	Silted cape-form [Laminaria hyperborea] on very sheltered infralittoral rock	A3.314	admin	t
533	[Sargassum muticum] on shallow slightly tide-swept infralittoral mixed substrata	A3.315	admin	t
534	Kelp in variable salinity on low energy infralittoral rock	A3.32	admin	t
535	[Codium] spp. with red seaweeds and sparse [Laminaria saccharina] on shallow, heavily-silted, very sheltered infralittoral rock	A3.321	admin	t
536	[Laminaria saccharina] and [Psammechinus miliaris] on variable salinity grazed infralittoral rock	A3.322	admin	t
537	[Laminaria saccharina] with [Phyllophora] spp. and filamentous green seaweeds on variable or reduced salinity infralittoral rock	A3.323	admin	t
538	Submerged fucoids, green or red seaweeds (low salinity infralittoral rock)	A3.34	admin	t
539	Mixed fucoids, [Chorda filum] and green seaweeds on reduced salinity infralittoral rock	A3.341	admin	t
540	[Ascophyllum nodosum] and epiphytic sponges and ascidians on variable salinity infralittoral rock	A3.342	admin	t
541	[Polyides rotundus] and/or [Furcellaria lumbricalis] on reduced salinity infralittoral rock	A3.343	admin	t
542	[Fucus ceranoides] and [Enteromorpha] spp. on low salinity infralittoral rock	A3.344	admin	t
543	[Codium elisabethae], [Halopteris filicina] and coralline crusts on sheltered infralittoral bedrock	A3.345	admin	t
544	Faunal communities on low energy infralittoral rock	A3.35	admin	t
545	Very tide-swept infralittoral bedrock and boulders with [Ascidiella aspersa] and [Mimachlamys varia] with high turbidity	A3.35X	admin	t
546	Very tide-swept infralittoral bedrock and boulders with [Corynactis viridis] and [Alcyonium digitatum] with high turbidity	A3.35Y	admin	t
547	Faunal communities on variable or reduced salinity infralittoral rock	A3.36	admin	t
548	[Mytilus edulis] beds on reduced salinity infralittoral rock	A3.361	admin	t
549	[Cordylophora caspia] and [Electra crustulenta] on reduced salinity infralittoral rock	A3.362	admin	t
550	[Hartlaubella gelatinosa] and [Conopeum reticulum] on low salinity infralittoral mixed substrata	A3.363	admin	t
551	Features of infralittoral rock	A3.7	admin	t
552	Robust faunal cushions and crusts in surge gullies and caves	A3.71	admin	t
553	Foliose seaweeds and coralline crusts in surge gully entrances	A3.711	admin	t
554	Anemones, including [Corynactis viridis,] crustose sponges and colonial ascidians on very exposed or wave surged vertical infralittoral rock	A3.712	admin	t
555	Crustose sponges and colonial ascidians with [Dendrodoa grossularia] or barnacles on wave-surged infralittoral rock	A3.713	admin	t
556	[Dendrodoa grossularia] and [Clathrina coriacea] on wave-surged vertical infralittoral rock	A3.714	admin	t
557	Crustose sponges on extremely wave-surged infralittoral cave or gully walls	A3.715	admin	t
558	Coralline crusts in surge gullies and scoured infralittoral rock	A3.716	admin	t
559	[Balanus crenatus] and/or [Pomatoceros triqueter] with spirorbid worms and coralline crusts on severely scoured vertical infralittoral rock	A3.7161	admin	t
560	Coralline crusts and crustaceans on mobile boulders or cobbles in surge gullies	A3.7162	admin	t
561	Infralittoral fouling seaweed communities	A3.72	admin	t
562	Vents and seeps in infralittoral rock	A3.73	admin	t
563	Freshwater seeps in infralittoral rock	A3.731	admin	t
564	Oil seeps in infralittoral rock	A3.732	admin	t
565	Vents in infralittoral rock	A3.733	admin	t
566	Caves and overhangs in infralittoral rock	A3.74	admin	t
567	Circalittoral rock and other hard substrata	A4	admin	t
568	Atlantic and Mediterranean high energy circalittoral rock	A4.1	admin	t
569	Very tide-swept faunal communities on circalittoral rock	A4.11	admin	t
570	[Balanus crenatus] and [Tubularia indivisa] on extremely tide-swept circalittoral rock	A4.111	admin	t
571	[Tubularia indivisa] on tide-swept circalittoral rock	A4.112	admin	t
572	[Tubularia indivisa] and cushion sponges on tide-swept turbid circalittoral bedrock	A4.1121	admin	t
573	[Alcyonium digitatum] with dense [Tubularia indivisa] and anemones on strongly tide-swept circalittoral rock	A4.1122	admin	t
574	Sponge communities on deep circalittoral rock	A4.12	admin	t
575	[Phakellia ventilabrum] and axinellid sponges on deep, wave-exposed circalittoral rock	A4.121	admin	t
576	Mixed faunal turf communities on circalittoral rock	A4.13	admin	t
577	Bryozoan turf and erect sponges on tide-swept circalittoral rock	A4.131	admin	t
578	[Eunicella verrucosa] and [Pentapora foliacea] on wave-exposed circalittoral rock	A4.1311	admin	t
579	Mixed turf of bryozoans and erect sponges with [Dysidia fragilis] and [Actinothoe sphyrodeta] on tide-swept wave-exposed circalittoral rock	A4.1312	admin	t
580	Mixed turf of bryozoans and erect sponges with [Sagartia elegans] on tide-swept ciraclittoral rock	A4.1313	admin	t
581	[Corynactis viridis] and a mixed turf of crisiids, [Bugula], [Scrupocellaria], and [Cellaria] on moderately tide-swept exposed circalittoral rock	A4.132	admin	t
582	Mixed turf of hydroids and large ascidians with [Swiftia pallida] and [Caryophyllia smithii] on weakly tide-swept circalittoral rock	A4.133	admin	t
583	High energy upper circalittoral bedrock and boulders with turf hydroids	A4.133X	admin	t
584	[Flustra foliacea] and colonial ascidians on tide-swept moderately wave-exposed circalittoral rock	A4.134	admin	t
585	[Polyclinum aurantium] and [Flustra foliacea] on sand-scoured tide-swept moderately wave-exposed circalittoral rock	A4.1341	admin	t
586	[Flustra foliacea], small solitary and colonial ascidians on tide-swept circalittoral bedrock or boulders	A4.1342	admin	t
587	[Flustra foliacea] and colonial ascidians on tide-swept exposed circalittoral mixed substrata	A4.1343	admin	t
588	Sparse sponges, [Nemertesia] spp., and [Alcyonidium diaphanum] on circalittoral mixed substrata	A4.135	admin	t
589	[Suberites] spp. with a mixed turf of crisiids and [Bugula] spp. on heavily silted moderately wave-exposed shallow circalittoral rock	A4.136	admin	t
590	[Flustra foliacea] and [Haliclona oculata] with a rich faunal turf on tide-swept circalittoral mixed substrata	A4.137	admin	t
591	[Molgula manhattensis] with a hydroid and bryozoan turf on tide-swept moderately wave-exposed circalittoral rock	A4.138	admin	t
592	Sponges and anemones on vertical circalittoral bedrock	A4.139	admin	t
593	Atlantic and Mediterranean moderate energy circalittoral rock	A4.2	admin	t
594	Echinoderms and crustose communities on circalittoral rock	A4.21	admin	t
595	[Caryophyllia smithii] and [Swiftia pallida] on circalittoral rock	A4.211	admin	t
596	[Caryophyllia smithii], [Swiftia pallida] and [Alcyonium glomeratum] on wave-sheltered circalittoral rock	A4.2111	admin	t
597	High energy upper circalittoral bedrock and boulders with [Alcyonium glomeratum] and sciaphilic algae	A4.211X	admin	t
598	[Caryophyllia smithii], [Swiftia pallida] and large solitary ascidians on exposed or moderately exposed circalittoral rock	A4.2112	admin	t
599	[Caryophyllia smithii], sponges and crustose communities on wave-exposed circalittoral rock	A4.212	admin	t
600	Brittlestars overlying coralline crusts, [Parasmittina trispinosa] and [Caryophyllia smithii] on wave-exposed circalittoral rock	A4.2121	admin	t
601	[Caryophyllia smithii] and sponges with [Pentapora foliacea], [Porella compressa] and crustose communities on wave-exposed circalittoral rock	A4.2122	admin	t
602	[Urticina felina] and sand-tolerant fauna on sand-scoured or covered circalittoral rock	A4.213	admin	t
603	Faunal and algal crusts on exposed to moderately wave-exposed circalittoral rock	A4.214	admin	t
604	[Flustra foliacea] on slightly scoured silty circalittoral rock	A4.2141	admin	t
605	[Alcyonium digitatum], [Pomatoceros triqueter], algal and bryozoan crusts on wave-exposed circalittoral rock	A4.2142	admin	t
606	[Alcyonium digitatum] with [Securiflustra securifrons] on tide-swept moderately wave-exposed circalittoral rock	A4.2143	admin	t
607	Brittlestars on faunal and algal encrusted exposed to moderately wave-exposed circalittoral rock	A4.2144	admin	t
608	Faunal and algal crusts with [Pomatoceros triqueter] and sparse [Alcyonium digitatum] on exposed to moderately wave-exposed circalittoral rock	A4.2145	admin	t
609	[Caryophyllia smithii] with faunal and algal crusts on moderately wave-exposed circalittoral rock	A4.2146	admin	t
610	[Alcyonium digitatum] and faunal crust communities on vertical circalittoral bedrock	A4.215	admin	t
611	Upper circalittoral bedrock and boulders with tube-building amphipoda	A4.2X	admin	t
612	[Sabellaria] reefs on circalittoral rock	A4.22	admin	t
613	[Sabellaria spinulosa] encrusted circalittoral rock	A4.221	admin	t
614	[Sabellaria spinulosa] with a bryozoan turf and barnacles on silty turbid circalittoral rock	A4.2211	admin	t
615	[Sabellaria spinulosa], didemnid and small ascidians on tide-swept moderately wave-exposed circalittoral rock	A4.2212	admin	t
616	Very tide swept upper circalittoral bedrock and boulders with drapery forming proliferating didemnidae	A4.221X	admin	t
617	Upper circalittoral bedrock and boulders with ascidian and buried micro-polychaetes in tide swept channel	A4.2X	admin	t
618	Upper circalittoral bedrock and boulders with [Sabella discifera] in tide swept channel	A4.2XY	admin	t
619	Very-tide swept upper circalittoral bedrock and boulders with [Sabella spallanzani] independently of hydrodynamics	A4.2Y	admin	t
620	Communities on soft circalittoral rock	A4.23	admin	t
621	Piddocks with a sparse associated fauna in sublittoral very soft chalk or clay	A4.231	admin	t
622	[Polydora] sp. tubes on moderately exposed sublittoral soft rock	A4.232	admin	t
623	[Hiatella]-bored vertical sublittoral limestone rock	A4.233	admin	t
624	Mussel beds on circalittoral rock	A4.24	admin	t
625	[Mytilus edulis] beds with hydroids and ascidians on tide-swept exposed to moderately wave-exposed circalittoral rock	A4.241	admin	t
626	[Musculus discors] beds on moderately exposed circalittoral rock	A4.242	admin	t
627	Circalittoral faunal communities in variable salinity	A4.25	admin	t
628	Cushion sponges and hydroids on turbid tide-swept sheltered circalittoral rock	A4.251	admin	t
629	Very-tide swept upper circalittoral bedrock and boulders with proliferating sponges	A4.251X	admin	t
630	Very-tide swept upper circalittoral bedrock and boulders with [Cliona celata]	A4.251Y	admin	t
631	Cushion sponges, hydroids and ascidians on turbid tide-swept sheltered circalittoral rock	A4.2511	admin	t
632	Cushion sponges and hydroids on turbid tide-swept variable salinity sheltered circalittoral rock	A4.2512	admin	t
633	[Halichondria bowerbanki], [Eudendrium arbusculum] and [Eucratea loricata] on reduced salinity tide-swept circalittoral mixed substrata	A4.252	admin	t
634	Faunal communities on deep moderate energy circalittoral rock	A4.27	admin	t
635	Atlantic and Mediterranean low energy circalittoral rock	A4.3	admin	t
636	Brachiopod and ascidian communities on circalittoral rock	A4.31	admin	t
637	Solitary ascidians, including [Ascidia mentula] and [Ciona intestinalis], on wave-sheltered circalittoral rock	A4.311	admin	t
638	Solitary ascidians, including [Ascidia mentula] and [Ciona intestinalis], with [Antedon] spp. on wave-sheltered circalittoral rock	A4.3111	admin	t
639	Dense brittlestars with sparse [Ascidia mentula] and [Ciona intestinalis] on sheltered circalittoral mixed substrata	A4.3112	admin	t
640	Large solitary ascidians and erect sponges on wave-sheltered circalittoral rock	A4.312	admin	t
641	[Antedon] spp., solitary ascidians and fine hydroids on sheltered circalittoral rock	A4.313	admin	t
642	Facies with [Antedon bifida]	A4.31X	admin	t
643	[Neocrania anomala] and [Protanthea simplex] on sheltered circalittoral rock	A4.314	admin	t
644	[Neocrania anomala] and [Protanthea simplex] on very wave-sheltered circalittoral rock	A4.3141	admin	t
645	[Neocrania anomala], [Dendrodoa grossularia] and [Sarcodictyon roseum] on variable salinity circalittoral rock	A4.3142	admin	t
646	Faunal communities on deep low energy circalittoral rock	A4.33	admin	t
647	Lower circalittoral bedrock and boulders with [Dendrophyllia cornigera] - [Smittina cervicornis] and/or [Antipathes subpinnata]	A4.33X	admin	t
648	Lower circalittoral bedrock and boulders with [Poecillastra compressa] and [Geodia sp]. and/or Bryozoan	A4.33X	admin	t
649	Features of circalittoral rock	A4.7	admin	t
650	Communities of circalittoral caves and overhangs	A4.71	admin	t
651	Sponges, cup corals and anthozoans on shaded or overhanging circalittoral rock	A4.711	admin	t
652	Caves and overhangs with [Parazoanthus axinellae]	A4.712	admin	t
653	Caves and overhangs with [Leptopsammia pruvoti]	A4.714	admin	t
654	Caves and ducts in total darkness (including caves without light or water movement at upper levels)	A4.715	admin	t
655	Circalittoral fouling faunal communities	A4.72	admin	t
656	[Alcyonium digitatum] and [Metridium senile] on moderately wave-exposed circalittoral steel wrecks	A4.721	admin	t
657	[Ascidiella aspersa] on circalittoral artificial substrata	A4.722	admin	t
658	Vents and seeps in circalittoral rock	A4.73	admin	t
659	Freshwater seeps in circalittoral rock	A4.731	admin	t
660	Oil seeps in circalittoral rock	A4.732	admin	t
661	Vents in circalittoral rock	A4.733	admin	t
662	Sublittoral sediment	A5	admin	t
663	Sublittoral coarse sediment	A5.1	admin	t
664	Infralittoral coarse sediment	A5.13	admin	t
665	Sparse fauna on highly mobile sublittoral shingle (cobbles and pebbles)	A5.131	admin	t
666	[Halcampa chrysanthellum] and [Edwardsia timida] on sublittoral clean stone gravel	A5.132	admin	t
667	[Moerella] spp. with venerid bivalves in infralittoral gravelly sand	A5.133	admin	t
668	[Hesionura elongata] and [Microphthalmus similis] with other interstitial polychaetes in infralittoral mobile coarse sand	A5.134	admin	t
669	[Glycera lapidum] in impoverished infralittoral mobile gravel and sand	A5.135	admin	t
670	Cumaceans and [Chaetozone setosa] in infralittoral gravelly sand	A5.136	admin	t
671	Dense [Lanice conchilega] and other polychaetes in tide-swept infralittoral sand and mixed gravelly sand	A5.137	admin	t
672	Association with rhodolithes in coarse sands and fine gravels mixed by waves	A5.138	admin	t
673	Facies with [Gouania wildenowi]	A5.139	admin	t
674	Medium-coarse clean sands with [Donax trunculus] and sometimes [Donacilla cornea]	A5.13B1	admin	t
675	Medium-coarse clean sands with [Chamelea gallina]	A5.13B2	admin	t
676	Medium-coarse clean sands with [Anadara inaequivalvis]	A5.13B3	admin	t
677	Coarse sands with [Gouldia minima] and amphipods	A5.13B4	admin	t
678	Circalittoral coarse sediment	A5.14	admin	t
679	[Pomatoceros triqueter] with barnacles and bryozoan crusts on unstable circalittoral cobbles and pebbles	A5.141	admin	t
680	[Mediomastus fragilis], [Lumbrineris] spp. and venerid bivalves in circalittoral coarse sand or gravel	A5.142	admin	t
681	[Protodorvillea kefersteini] and other polychaetes in impoverished circalittoral mixed gravelly sand	A5.143	admin	t
682	[Neopentadactyla mixta] in circalittoral shell gravel or coarse sand	A5.144	admin	t
683	[Branchiostoma lanceolatum] in circalittoral coarse sand with shell gravel	A5.145	admin	t
684	[Branchiostoma lanceolatum] in circalittoral coarse sand with shell gravel with presence of maerl	A5.145X	admin	t
685	Scallops on shell gravel and sand with some sand scour	A5.146	admin	t
686	Sublittoral sand	A5.2	admin	t
687	Sublittoral sand in variable salinity (estuaries)	A5.22	admin	t
688	Infralittoral mobile sand in variable salinity (estuaries)	A5.221	admin	t
689	[Nephtys cirrosa] and [Macoma balthica] in variable salinity infralittoral mobile sand	A5.222	admin	t
690	[Neomysis integer] and [Gammarus] spp. in fluctuating low salinity infralittoral mobile sand	A5.223	admin	t
691	Infralittoral fine sand	A5.23	admin	t
692	Infralittoral mobile clean sand with sparse fauna	A5.231	admin	t
693	[Sertularia cupressina] and [Hydrallmania falcata] on tide-swept sublittoral sand with cobbles or pebbles	A5.232	admin	t
694	[Nephtys cirrosa] and [Bathyporeia] spp. in infralittoral sand	A5.233	admin	t
695	Semi-permanent tube-building amphipods and polychaetes in sublittoral sand	A5.234	admin	t
696	Infralittoral muddy sand	A5.24	admin	t
697	[Echinocardium cordatum] and [Ensis] spp. in lower shore and shallow sublittoral slightly muddy fine sand	A5.241	admin	t
698	[Fabulina fabula] and [Magelona mirabilis] with venerid bivalves and amphipods in infralittoral compacted fine muddy sand	A5.242	admin	t
699	[Arenicola marina] in infralittoral fine sand or muddy sand	A5.243	admin	t
700	[Spisula subtruncata] and [Nephtys hombergii] in shallow muddy sand	A5.244	admin	t
701	[Turritella] in muddy sands	A5.245	admin	t
702	[Ervillia castanea] beds in infralittoral sand	A5.246	admin	t
703	Circalittoral fine sand	A5.25	admin	t
704	[Echinocyamus pusillus], [Ophelia borealis] and [Abra prismatica] in circalittoral fine sand	A5.251	admin	t
705	[Abra prismatica], [Bathyporeia elegans] and polychaetes in circalittoral fine sand	A5.252	admin	t
706	Medium to very fine sand, 100-120 m, with polychaetes [Spiophanes kroyeri], [Amphipectene auricoma], [Myriochele] sp., [Aricidea wassi] and amphipods [Harpinia antennaria]	A5.253	admin	t
707	Circalittoral muddy sand	A5.26	admin	t
708	[Abra alba] and [Nucula nitidosa] in circalittoral muddy sand or slightly mixed sediment	A5.261	admin	t
709	[Amphiura brachiata] with [Astropecten irregularis] and other echinoderms in circalittoral muddy sand	A5.262	admin	t
710	Deep circalittoral sand	A5.27	admin	t
711	Maldanid polychaetes and [Eudorellopsis deformis] in deep circalittoral sand or muddy sand	A5.271	admin	t
712	[Owenia fusiformis] and [Amphiura filiformis] in deep circalittoral sand or muddy sand	A5.272	admin	t
713	Sublittoral mud	A5.3	admin	t
714	Sublittoral mud in low or reduced salinity	A5.31	admin	t
715	Sublittoral mud in variable salinity (estuaries)	A5.32	admin	t
716	[Polydora ciliata] and [Corophium volutator] in variable salinity infralittoral firm mud or clay	A5.321	admin	t
717	[Aphelochaeta marioni] and [Tubificoides] spp. in variable salinity infralittoral mud	A5.322	admin	t
718	[Nephtys hombergii] and [Tubificoides] spp. in variable salinity infralittoral soft mud	A5.323	admin	t
719	Infralittoral fluid mobile mud	A5.324	admin	t
720	[Capitella capitata] and [Tubificoides] spp. in reduced salinity infralittoral muddy sediment	A5.325	admin	t
721	Oligochaetes in variable or reduced salinity infralittoral muddy sediment	A5.326	admin	t
722	[Limnodrilus hoffmeisteri], [Tubifex tubifex] and [Gammarus] spp. in low salinity infralittoral muddy sediment	A5.327	admin	t
723	Infralittoral sandy mud	A5.33	admin	t
724	[Nephtys hombergii] and [Macoma balthica] in infralittoral sandy mud	A5.331	admin	t
725	[Sagartiogeton undatus] and [Ascidiella aspersa] on infralittoral sandy mud	A5.332	admin	t
726	[Mysella bidentata] and [Abra] spp. in infralittoral sandy mud	A5.333	admin	t
727	[Melinna palmata] with [Magelona] spp. and [Thyasira] spp. in infralittoral sandy mud	A5.334	admin	t
728	[Ampelisca] spp., [Photis longicaudata] and other tube-building amphipods and polychaetes in infralittoral sandy mud	A5.335	admin	t
729	[Capitella capitata] in enriched sublittoral muddy sediments	A5.336	admin	t
730	Infralittoral fine mud	A5.34	admin	t
731	[Cerastoderma edule] with [Abra nitida] in infralittoral mud	A5.341	admin	t
732	[Arenicola marina] in infralittoral mud	A5.342	admin	t
733	[Philine aperta] and [Virgularia mirabilis] in soft stable infralittoral mud	A5.343	admin	t
734	[Ocnus planci] aggregations on sheltered sublittoral muddy sediment	A5.344	admin	t
735	Oligochaetes in mobile mud	A5.346	admin	t
736	Circalittoral sandy mud	A5.35	admin	t
737	[Amphiura filiformis], [Mysella bidentata] and [Abra nitida] in circalittoral sandy mud	A5.351	admin	t
738	[Thyasira] spp. and [Nuculoma tenuis] in circalittoral sandy mud	A5.352	admin	t
739	[Virgularia mirabilis] and [Ophiura] spp. with [Pecten maximus] on circalittoral sandy or shelly mud	A5.354	admin	t
740	[Virgularia mirabilis] and [Ophiura] spp. with [Pecten maximus], hydroids and ascidians on circalittoral sandy or shelly mud with shells or stones	A5.3541	admin	t
741	[Lagis koreni] and [Phaxas pellucidus] in circalittoral sandy mud	A5.355	admin	t
742	Circalittoral fine mud	A5.36	admin	t
743	Seapens and burrowing megafauna in circalittoral fine mud	A5.361	admin	t
744	Seapens, including [Funiculina quadrangularis], and burrowing megafauna in undisturbed circalittoral fine mud	A5.3611	admin	t
745	Burrowing megafauna and [Maxmuelleria lankesteri] in circalittoral mud	A5.362	admin	t
746	[Brissopsis lyrifera] and [Amphiura chiajei] in circalittoral mud	A5.363	admin	t
747	Silty sediments > 140 m with polychaetes [Lumbrineris fragilis], [Levinsenia gracilis] and amphipods [Eriopisa elongata]	A5.364	admin	t
748	[Spiochaetopterus] beneath high salinity Atlantic water	A5.365	admin	t
749	[Macoma calcarea] in deep-water soft clayey mud	A5.366	admin	t
750	Very soft muds with [Nephthys hombergii]	A5.3671	admin	t
751	Soft muds with [Abra prismatica], [Acanthocardia paucicostata] and [Spisula subtruncata]	A5.3672	admin	t
752	Sublittoral mixed sediments	A5.4	admin	t
753	Sublittoral mixed sediment in low or reduced salinity	A5.41	admin	t
754	Sublittoral mixed sediment in variable salinity (estuaries)	A5.42	admin	t
755	[Aphelochaeta] spp. and [Polydora] spp. in variable salinity infralittoral mixed sediment	A5.421	admin	t
756	[Crepidula fornicata] and [Mediomastus fragilis] in variable salinity infralittoral mixed sediment	A5.422	admin	t
757	Infralittoral mixed sediments	A5.43	admin	t
758	[Crepidula fornicata] with ascidians and anemones on infralittoral coarse mixed sediment	A5.431	admin	t
759	[Sabella pavonina] with sponges and anemones on infralittoral mixed sediment	A5.432	admin	t
760	[Venerupis senegalensis], [Amphipholis squamata] and [Apseudes latreilli] in infralittoral mixed sediment	A5.433	admin	t
761	[Limaria hians] beds in tide-swept sublittoral muddy mixed sediment	A5.434	admin	t
762	[Ostrea edulis] beds on shallow sublittoral muddy mixed sediment	A5.435	admin	t
763	Circalittoral mixed sediments	A5.44	admin	t
764	[Cerianthus lloydii] and other burrowing anemones in circalittoral muddy mixed sediment	A5.441	admin	t
765	[Cerianthus lloydii] with [Nemertesia] spp. and other hydroids in circalittoral muddy mixed sediment	A5.4411	admin	t
766	Sparse [Modiolus modiolus], dense [Cerianthus lloydii] and burrowing holothurians on sheltered circalittoral stones and mixed sediment	A5.442	admin	t
767	[Mysella bidentata] and [Thyasira] spp. in circalittoral muddy mixed sediment	A5.443	admin	t
768	[Flustra foliacea] and [Hydrallmania falcata] on tide-swept circalittoral mixed sediment	A5.444	admin	t
769	[Ophiothrix fragilis] and/or [Ophiocomina nigra] brittlestar beds on sublittoral mixed sediment	A5.445	admin	t
771	Sublittoral macrophyte-dominated sediment	A5.5	admin	t
772	Maerl beds	A5.51	admin	t
773	[Phymatolithon calcareum] maerl beds in infralittoral clean gravel or coarse sand	A5.511	admin	t
774	[Phymatolithon calcareum] maerl beds with red seaweeds in shallow infralittoral clean gravel or coarse sand	A5.5111	admin	t
775	[Phymatolithon calcareum] maerl beds with [Neopentadactyla mixta] and other echinoderms in deeper infralittoral clean gravel or coarse sand	A5.5112	admin	t
776	[Lithothamnion glaciale] maerl beds in tide-swept variable salinity infralittoral gravel	A5.512	admin	t
777	[Lithothamnion corallioides] maerl beds on infralittoral muddy gravel	A5.513	admin	t
778	[Lithophyllum fasciculatum] maerl beds on infralittoral mud	A5.514	admin	t
779	Association with rhodolithes in coarse sands and fine gravels under the influence of bottom currents	A5.515	admin	t
780	Association with rhodolithes on coastal detritic bottoms	A5.516	admin	t
781	Kelp and seaweed communities on sublittoral sediment	A5.52	admin	t
782	[Laminaria saccharina] and red seaweeds on infralittoral sediments	A5.521	admin	t
783	Red seaweeds and kelps on tide-swept mobile infralittoral cobbles and pebbles	A5.5211	admin	t
784	[Laminaria saccharina] and robust red algae on infralittoral gravel and pebble	A5.5212	admin	t
785	[Laminaria saccharina] and filamentous red algae on infralittoral sand	A5.5213	admin	t
786	[Laminaria saccharina] with red and brown seaweeds on lower infralittoral muddy mixed sediment	A5.5214	admin	t
787	[Laminaria saccharina] and [Chorda filum] on sheltered upper infralittoral muddy sediment	A5.522	admin	t
788	[Laminaria saccharina] with [Psammechinus miliaris] and/or [Modiolus modiolus] on variable salinity infralittoral sediment	A5.523	admin	t
789	[Laminaria saccharina], [Gracilaria gracilis] and brown seaweeds on full salinity infralittoral sediment	A5.524	admin	t
790	[Laminaria saccharina] and [Gracilaria gracilis] with sponges and ascidians on variable salinity infralittoral sediment	A5.525	admin	t
791	Mats of [Trailliella] on infralittoral muddy gravel	A5.526	admin	t
792	Loose-lying mats of [Phyllophora crispa] on infralittoral muddy sediment	A5.527	admin	t
793	Filamentous green seaweeds on low salinity infralittoral mixed sediment or rock	A5.528	admin	t
794	Facies with [Ficopomatus enigmaticus]	A5.529	admin	t
795	Association with [Gracilaria] spp.	A5.52A	admin	t
796	Association with [Chaetomorpha linum] and [Valonia aegagropila]	A5.52B	admin	t
797	Association with [Halopitys incurva]	A5.52C	admin	t
798	Association with [Ulva laetevirens] and [Enteromorpha linza]	A5.52D	admin	t
799	Association with [Cystoseira barbata]	A5.52E	admin	t
800	Association with [Lamprothamnium papulosum]	A5.52F	admin	t
801	Association with [Cladophora echinus] and [Rytiphloea tinctoria]	A5.52G	admin	t
802	Association with [Peyssonnelia rosa-marina]	A5.52H	admin	t
803	Association with [Arthrocladia villosa]	A5.52I	admin	t
804	Association with [Osmundaria volubilis]	A5.52J	admin	t
805	Association with [Kallymenia patens]	A5.52K	admin	t
806	Sublittoral seagrass beds	A5.53	admin	t
807	[Zostera] beds in full salinity infralittoral sediments	A5.533	admin	t
808	[Zostera marina]/[angustifolia] beds on lower shore or infralittoral clean or muddy sand	A5.5331	admin	t
809	Association with [Zostera noltii] in euryhaline and eurythermal environment	A5.53321	admin	t
810	Association with [Zostera noltii] on superficial muddy sands in sheltered waters	A5.53322	admin	t
811	Association with [Zostera marina] in euryhaline and eurythermal environment	A5.5333	admin	t
812	[Ruppia] and [Zannichellia] communities	A5.534	admin	t
813	Middle European [Ruppia] and [Zannichellia] communities	A5.5341	admin	t
814	[Ruppia maritima] in reduced salinity infralittoral muddy sand	A5.5343	admin	t
815	Angiosperm communities in reduced salinity	A5.54	admin	t
816	Vegetation of brackish waters dominated by [Phragmites australis]	A5.541	admin	t
817	Association with [Potamogeton pectinatus]	A5.542	admin	t
818	Vegetation of brackish waters dominated by [Ranunculus baudotii]	A5.543	admin	t
819	Vegetation of brackish waters dominated by [Scirpus lacustris] or [Scirpus tabernaemontani]	A5.544	admin	t
820	[Zostera] beds in reduced salinity infralittoral sediments	A5.545	admin	t
821	Sublittoral biogenic reefs	A5.6	admin	t
822	Sublittoral polychaete worm reefs on sediment	A5.61	admin	t
823	[Sabellaria spinulosa] on stable circalittoral mixed sediment	A5.611	admin	t
824	[Sabellaria alveolata] on variable salinity sublittoral mixed sediment	A5.612	admin	t
825	[Serpula vermicularis] reefs on very sheltered circalittoral muddy sand	A5.613	admin	t
826	Sublittoral mussel beds on sediment	A5.62	admin	t
827	[Modiolus modiolus] beds with hydroids and red seaweeds on tide-swept circalittoral mixed substrata	A5.621	admin	t
828	[Modiolus modiolus] beds on open coast circalittoral mixed sediment	A5.622	admin	t
829	[Modiolus modiolus] beds with fine hydroids and large solitary ascidians on very sheltered circalittoral mixed substrata	A5.623	admin	t
830	[Modiolus modiolus] beds with [Chlamys varia], sponges, hydroids and bryozoans on slightly tide-swept very sheltered circalittoral mixed substrata	A5.624	admin	t
831	[Mytilus edulis] beds on sublittoral sediment	A5.625	admin	t
832	[Hiatella arctica] beds on silty clay with small pebbles and shells	A5.626	admin	t
833	Circalittoral coral reefs	A5.63	admin	t
834	Circalittoral [Lophelia pertusa] reefs	A5.631	admin	t
835	Coastal habitats	B	admin	t
836	Coastal dunes and sandy shores	B1	admin	t
837	Sand beach driftlines	B1.1	admin	t
838	Sand beaches above the driftline	B1.2	admin	t
839	Unvegetated sand beaches above the driftline	B1.21	admin	t
840	Biocenosis of supralittoral sands	B1.22	admin	t
841	Facies of depressions with residual humidity	B1.221	admin	t
842	Facies of quickly-drying wracks	B1.222	admin	t
843	Facies of tree trunks which have been washed ashore	B1.223	admin	t
844	Facies of phanerogams which have been washed ashore (upper part)	B1.224	admin	t
845	Sandy beach ridges with no or low vegetation	B1.24	admin	t
846	Sandy beach ridges dominated by shrubs or trees	B1.25	admin	t
847	Shifting coastal dunes	B1.3	admin	t
848	Embryonic shifting dunes	B1.31	admin	t
849	Atlantic embryonic dunes	B1.311	admin	t
850	Large migrating dunes with no or low vegetation	B1.314	admin	t
851	White dunes	B1.32	admin	t
852	Atlantic white dunes	B1.321	admin	t
853	Coastal dunes: white dunes (sensu strictu)	B1.3211	admin	t
854	Coastal dunes: green dunes	B1.3212	admin	t
855	Coastal stable dune grassland (grey dunes)	B1.4	admin	t
856	Northern fixed grey dunes	B1.41	admin	t
857	Crested-hairgrass dune communities	B1.411	admin	t
858	Grey-hairgrass dune communities	B1.412	admin	t
859	Mouse-ear dune communities	B1.413	admin	t
860	Atlantic dune [Mesobromion] grassland	B1.45	admin	t
861	Atlantic dune thermophile fringes	B1.46	admin	t
862	Dune fine-grass annual communities	B1.47	admin	t
863	Coastal dune heaths	B1.5	admin	t
864	[Empetrum] brown dunes	B1.51	admin	t
865	[Calluna vulgaris] brown dunes	B1.52	admin	t
866	East Anglian ling coastal dune heaths	B1.521	admin	t
867	French ling coastal dune heaths	B1.522	admin	t
868	French bell heather coastal dune heaths	B1.524	admin	t
869	French Dorset heath coastal dune heaths	B1.525	admin	t
870	Coastal dune scrub	B1.6	admin	t
871	Coastal dune thickets	B1.61	admin	t
872	[Hippophae rhamnoides] dune thickets	B1.611	admin	t
873	Western nemoral mixed dune thickets	B1.612	admin	t
874	[Salix arenaria] mats	B1.62	admin	t
875	Dune [Juniperus] thickets	B1.63	admin	t
876	Dune prickly juniper thickets	B1.631	admin	t
877	Lycian juniper thickets	B1.632	admin	t
878	Rufescent juniper thickets	B1.633	admin	t
879	Common juniper dune thickets	B1.634	admin	t
880	Dune sclerophyllous scrubs and thickets	B1.64	admin	t
881	Coastal dune woods	B1.7	admin	t
882	Coastal brown dunes covered with natural or almost natural coniferous forest, e.g. [Pinus silvestris]	B1.71	admin	t
883	Coastal brown dunes covered with deciduous forest ([Fagus], [Betula], [Quercus])	B1.72	admin	t
884	Moist and wet dune slacks	B1.8	admin	t
885	Dune-slack pools	B1.81	admin	t
886	Dune-slack pioneer swards	B1.82	admin	t
887	Dune-slack fens	B1.83	admin	t
888	Dune-slack grassland and heaths	B1.84	admin	t
889	Dune-slack reedbeds, sedgebeds and canebeds	B1.85	admin	t
890	Coastal dunes: wet dune slacks: dominated by shrubs or trees	B1.86	admin	t
891	Machair	B1.9	admin	t
892	Rock cliffs, ledges and shores, including the supralittoral	B3	admin	t
893	Supralittoral rock (lichen or splash zone)	B3.1	admin	t
894	Lichens or small green algae on supralittoral and littoral fringe rock	B3.11	admin	t
895	Yellow and grey lichens on supralittoral rock	B3.111	admin	t
896	[Prasiola stipitata] on nitrate-enriched supralittoral or littoral fringe rock	B3.112	admin	t
897	[Verrucaria maura] on littoral fringe rock	B3.113	admin	t
898	[Verrucaria maura] and sparse barnacles on exposed littoral fringe rock	B3.1131	admin	t
899	[Verrucaria maura] on very exposed to very sheltered upper littoral fringe rock	B3.1132	admin	t
900	[Blidingia] spp. on vertical littoral fringe chalk	B3.114	admin	t
901	[Ulothrix flacca] and [Urospora] spp. on freshwater-influenced vertical littoral fringe soft rock	B3.115	admin	t
902	Association with [Entophysalis deusta] and [Verrucaria amphibia]	B3.116	admin	t
903	Rock stacks and islets above high tide level in splash zone	B3.12	admin	t
904	Unvegetated rock cliffs, ledges, shores and islets	B3.2	admin	t
905	Temperate Atlantic sea-cliffs and rocky shores	B3.23	admin	t
906	Rock stacks and islets above splash zone	B3.27	admin	t
907	Rock cliffs, ledges and shores, with angiosperms	B3.3	admin	t
908	Atlantic sea-cliff communities	B3.31	admin	t
909	Coastal lagoon cliff communities	B3.36	admin	t
910	Soft sea-cliffs, often vegetated	B3.4	admin	t
